timeStamp,elapsed,label,responseCode,responseMessage,threadName,dataType,success,failureMessage,bytes,sentBytes,grpThreads,allThreads,URL,Latency,IdleTime,Connect
1666569590345,7183,OS Process Sampler,1,OK,10.75.4.82-Thread Group 1-3,text,true,,1531,0,5,5,null,0,0,0
1666569584389,814256,OS Process Sampler,0,OK,10.75.4.82-Thread Group 1-1,text,true,,2102,0,9,9,null,0,0,0
1666569593338,808942,OS Process Sampler,0,OK,10.75.4.82-Thread Group 1-4,text,true,,2275,0,8,8,null,0,0,0
1666569587349,817382,OS Process Sampler,0,OK,10.75.4.82-Thread Group 1-2,text,true,,2063,0,7,7,null,0,0,0
1666569611325,799318,OS Process Sampler,0,OK,10.75.4.82-Thread Group 1-10,text,true,,2189,0,6,6,null,0,0,0
1666569596322,815831,OS Process Sampler,0,OK,10.75.4.82-Thread Group 1-5,text,true,,2229,0,5,5,null,0,0,0
1666569599314,814757,OS Process Sampler,0,OK,10.75.4.82-Thread Group 1-6,text,true,,2232,0,4,4,null,0,0,0
1666569608333,810277,OS Process Sampler,0,OK,10.75.4.82-Thread Group 1-9,text,true,,2179,0,3,3,null,0,0,0
1666569602394,816636,OS Process Sampler,0,OK,10.75.4.82-Thread Group 1-7,text,true,,2183,0,2,2,null,0,0,0
1666569605329,815579,OS Process Sampler,0,OK,10.75.4.82-Thread Group 1-8,text,true,,2066,0,1,1,null,0,0,0
